id,date,user,text,retweet_count,favorite_count,location
1232901761444261888,2020-02-27 05:34:20,Asileya_G,"Contagious before, during, and after. #Bioweapon.  #COVID2019 https://t.co/s6P5fE2pUL",0,0,"Royal City, Te. Infinite Plane"
1232901742691401728,2020-02-27 05:34:16,pprevos,"Finally, we hve a cure #COVID2019 https://t.co/GHYnMhgY7g",0,0,"Bendigo, Australia"
1232901287722790918,2020-02-27 05:32:27,criskotsu,#CoronaVirusUpdate #Brazil reported 20 suspected cases of #COVID19 after confirming first #LatAm case‚Ä¶ https://t.co/K4AyPHUARG,0,0,"Shanghai, People's Republic of"
1232900915352367105,2020-02-27 05:30:59,vader_ford,"#Iran‚Äôs Incompetent Response to #Coronavirus Threatens the Middle East and the World.
#CoronaVirusUpdates #COVID„Éº19‚Ä¶ https://t.co/VqkGT8h9fF",1,1,
1232900818204004352,2020-02-27 05:30:35,AGNCanada,"AP News in Brief at 12:04 a.m. EST
#COVID2019 #WUHAN #CANADA
Immune Kit #ProtectYourself
https://t.co/fifr2CX142 üá®üá¶
https://t.co/e5r8JIq3XG",0,0,Canada
1232900677023813632,2020-02-27 05:30:02,mystylehfb,"Stock up! Hoosier Hill Farm All American Whole Milk Powder, 2 Pound https://t.co/hzccM7ddli #ad #coronavirus‚Ä¶ https://t.co/f16rXQyU7O",0,0,United States
1232900669092188162,2020-02-27 05:30:00,TPE_connect,"Coronavirus in North Korea could be 'much more lethal' than in China, health experts warn.... #NorthKorea #China‚Ä¶ https://t.co/qMOmD13APQ",0,0,online
1232900513454120960,2020-02-27 05:29:23,CellosSuits,"Iran
Acting Dea Qom University of Medical Science

- Report two hospitals in Qom designated for #coronavirus patien‚Ä¶ https://t.co/h3LafyB2P2",0,0,International Date Line
1232900428939091968,2020-02-27 05:29:03,VinnieGreen,#Germany on brink of #Epidemic can no longer keep track of infections #COVID19 #coronavirususa #COVID2019 #coronavirus,1,0,"Fergus Ontario, Canada"
1232900422916071424,2020-02-27 05:29:01,manopatano,"Today, Pakistani media is having non stop orgasms. 

#nCoV #COVID2019",0,0,Rawalpindi
1232900202010497024,2020-02-27 05:28:08,samkoool99,It‚Äôs a matter of time before #COVID2019 hits India ...how prepared are we ?,0,0,Not in North Korea
1232899565491310592,2020-02-27 05:25:37,raizkhan786,Terrorism was on world's radar as most important threat a decade ago which brought them togather on common platefor‚Ä¶ https://t.co/ddxPoHV5cQ,0,1,lahore
1232899119452045312,2020-02-27 05:23:50,CellosSuits,"Saudi Arabia

- Suspends foreigners‚Äô entry for the Umrah pilgrimage and tourism from countries where #coronavirus h‚Ä¶ https://t.co/DeITJBfvah",0,0,International Date Line
1232899080243691520,2020-02-27 05:23:41,hotpinkchihuah1,"This is the face of the #CoronavirusOutbreak
Her head shaved, this health care worker is another reminder that this‚Ä¶ https://t.co/7EktQtEDvf",0,2,Australia
1232899080243691520,2020-02-27 05:23:41,hotpinkchihuah1,"This is the face of the #CoronavirusOutbreak
Her head shaved, this health care worker is another reminder that this‚Ä¶ https://t.co/7EktQtEDvf",0,2,Australia
1232898532543225856,2020-02-27 05:21:30,some_soaper,"@CindyWi57784094 @Pluspaul0 @lindyli Like #COVID2019, FDR was a dangerous threat to Asians.",0,0,
1232898303232114688,2020-02-27 05:20:36,CellosSuits,"Japan

- Central Bank (BOJ) asks institutions to prepare for the worst as MUFG becomes first major bank to report‚Ä¶ https://t.co/tpZQQIH1xp",0,0,International Date Line
1232898151973040128,2020-02-27 05:20:00,TPE_connect,American soldier stationed in South Korea tests positive for coronavirus; #UnitedStates #USArmy #SouthKorea‚Ä¶ https://t.co/naESZEGEcs,0,0,online
1232897023478657025,2020-02-27 05:15:31,yo_byrne,Patient with unknown source in UC Davis  #NorCal #COVID19 #CoronaVirusUpdates #CoronavirusOutbreak #coronavirususa‚Ä¶ https://t.co/2VnaI6LlOC,0,2,"Magic Kingdom, CA"
1232896128074555400,2020-02-27 05:11:57,mmatitanfans,Unknown origins my ass! That community spread case got it from #TravisAFB #Quarantine IN #solano county. The infect‚Ä¶ https://t.co/e4oct0LiRa,1,1,
1232896128074555400,2020-02-27 05:11:57,mmatitanfans,Unknown origins my ass! That community spread case got it from #TravisAFB #Quarantine IN #solano county. The infect‚Ä¶ https://t.co/e4oct0LiRa,1,1,
1232896047313125376,2020-02-27 05:11:38,twiiit_sam,#UpdateCorono2020 #COVID #ChinaCoronaVirus #wahun #GlobalNews #coronavirusindia #CoronavirusOutbreak @WHO‚Ä¶ https://t.co/0GDKqoN2cW,0,0,∆òœÉ‚Ñì–ΩŒ±œÅœÖ—è «ÄŒ∑‚àÇŒπŒ±
1232895603580866560,2020-02-27 05:09:52,CellosSuits,"Reduction in immunization efficacy must now be considered
#COVID2019 #ChinaVirus 2019-nCoV #ChinaCoronaVirus‚Ä¶ https://t.co/ngpUVIXUZY",0,0,International Date Line
1232895081000030208,2020-02-27 05:07:48,Matt_Ros,"#Australia 
The government expects  #coronavirus to become global pandemic and will implement its #COVID2019 manage‚Ä¶ https://t.co/ePSG3pJ9zx",0,1,NSW Central Coast
1232894464777023488,2020-02-27 05:05:21,Matt_Ros,"#Australia @theage
The Australian government expects  #coronavirus to become a global pandemic and will implement i‚Ä¶ https://t.co/ORfgyqOMES",1,2,NSW Central Coast
1232894270161354752,2020-02-27 05:04:34,sachinnachnani,Now BankNifty and Nifty both are well below the 200 dma comfortably. And no sign of stopping the fall in India or g‚Ä¶ https://t.co/2w5lTU4FY2,1,1,"Mumbai, India"
1232894270161354752,2020-02-27 05:04:34,sachinnachnani,Now BankNifty and Nifty both are well below the 200 dma comfortably. And no sign of stopping the fall in India or g‚Ä¶ https://t.co/2w5lTU4FY2,1,1,"Mumbai, India"
1232893776907165699,2020-02-27 05:02:37,theage,BREAKING: The Australian government expects the #coronavirus to become a global pandemic and will implement its‚Ä¶ https://t.co/QyTFvbXCeB,12,6,"Melbourne, Australia"
1232893157530120192,2020-02-27 05:00:09,mystylehfb,"Stock up! Maruchan Ramen Chicken, 3.0 Oz, Pack of 24 https://t.co/5rrBbOL3I4 #ad #coronavirus #coronaoutbreak‚Ä¶ https://t.co/rGdqPBCRli",0,0,United States
1232893119462404096,2020-02-27 05:00:00,TPE_connect,A book predicted the Wuhan coronavirus outbreak about 40 years ago.... #Coronavirus #Wuhan #China #COVID #COVID2019‚Ä¶ https://t.co/TdHKT7pqZp,0,0,online
1232892868039041025,2020-02-27 04:59:00,Incierge2,"Dick Pound , the oldest member of the International #Olympic Committee since 1978, has set a year postponement on t‚Ä¶ https://t.co/E4CZaYXji9",1,0,Êù±‰∫¨ ÂìÅÂ∑ùÂå∫
1232891928892493825,2020-02-27 04:55:16,ChristinaChiapp,"JetBlue suspending fees for travelers who change, cancel flights over coronavirus concerns https://t.co/nsHMmN4Qhu‚Ä¶ https://t.co/4ro5jvvbLS",1,0,"Sacramento, CA"
1232891928892493825,2020-02-27 04:55:16,ChristinaChiapp,"JetBlue suspending fees for travelers who change, cancel flights over coronavirus concerns https://t.co/nsHMmN4Qhu‚Ä¶ https://t.co/4ro5jvvbLS",1,0,"Sacramento, CA"
1232891772251955205,2020-02-27 04:54:39,isobelroe,‚ÄúYou can still go to the football. You can go out for a Chinese meal.‚Äù PM says Australia is on top of it but is pla‚Ä¶ https://t.co/OReTFh9fuc,0,2,"Sydney, New South Wales"
1232891752299712512,2020-02-27 04:54:34,ljn_2020,Read All! #COVID19  #coronavirus #COVID2019 #CoronavirusOutbreak #coronarvirusitalia  #COVID„Éº19 https://t.co/khkvq4IEd2,1,1,
1232891161410359297,2020-02-27 04:52:13,tamsinroses,"The world expected to soon enter pandemic phase of #coronavirus, says PM Scott Morrison. He says it‚Äôs ‚Äúvery much up‚Ä¶ https://t.co/4JMR7O6om4",2,1,Canberra
1232890836565708800,2020-02-27 04:50:56,isobelroe,Prime Minister Scott Morrison says there‚Äôs every indication #COVID2019 will become a pandemic. He says government i‚Ä¶ https://t.co/D531zzrHpc,0,6,"Sydney, New South Wales"
1232890602171379712,2020-02-27 04:50:00,TPE_connect,60-year-old teacher becomes first French casualty of the coronavirus... #France #Paris #Coronavirus #Corona‚Ä¶ https://t.co/h1Xircb6a5,2,0,online
1232890352190853120,2020-02-27 04:49:00,mystylehfb,Siixing 3M Half Facepiece Organic Vapor Disposable Respirator https://t.co/2iYeAQeCyC #ad #coronavirus‚Ä¶ https://t.co/oPUPeBruUN,0,0,United States
1232889381913948162,2020-02-27 04:45:09,Talismancer,@AdlEmergStatus @StephenWadeMLC @ANMFSA @SA_Ambulance @acemonline @amasamembers #adelaide pls follow and retweet po‚Ä¶ https://t.co/hfYNPItHNy,0,0,
1232889381913948162,2020-02-27 04:45:09,Talismancer,@AdlEmergStatus @StephenWadeMLC @ANMFSA @SA_Ambulance @acemonline @amasamembers #adelaide pls follow and retweet po‚Ä¶ https://t.co/hfYNPItHNy,0,0,
1232888045025685504,2020-02-27 04:39:50,PopDigitalArt1,@JeremyKonyndyk Bingo..... without testing it is spreading in hospitals. The entire medical professionals field is‚Ä¶ https://t.co/48AvK13KUu,0,1,
1232887519802511361,2020-02-27 04:37:45,MindlessRobots,"WTF does ‚Äúbe prepared‚Äù mean?

We need to know if we should take our kids to daycares, exercise in gyms, go to work,‚Ä¶ https://t.co/rVuJXhuq99",0,0,
1232887484511473664,2020-02-27 04:37:36,amreshsrivastav,"IAF Globemaster landed  with 112 evacuees including 36 foreign nationals have been taken ITBP Quarantine facility,‚Ä¶ https://t.co/t5jr3WA9Eb",0,1,"New Delhi, India"
1232887236577787908,2020-02-27 04:36:37,rthk_enews,Mainland #China reports lowest #Covid2019 death toll in a month https://t.co/mCODWAcIjK,8,5,Hong Kong
1232887093543800832,2020-02-27 04:36:03,ChristosArgyrop,"Since the in Cal got the #SARSCoV2 from the community &amp; had been sick w/ #COVID2019 for a while, this means that th‚Ä¶ https://t.co/FHzIeVEtU6",0,4,Land of Enchantment
1232887093543800832,2020-02-27 04:36:03,ChristosArgyrop,"Since the in Cal got the #SARSCoV2 from the community &amp; had been sick w/ #COVID2019 for a while, this means that th‚Ä¶ https://t.co/FHzIeVEtU6",0,4,Land of Enchantment
1232886729478004736,2020-02-27 04:34:36,CoronaWuhan,"https://t.co/5NbdV3FAHK President Trump to Detail US Coronavirus Efforts, Schumer Seeks $8.5B 
#coronavirus‚Ä¶ https://t.co/tZlHuEEXd5",1,0,Singapore
1232886721077010433,2020-02-27 04:34:34,Imps4U,"CoronaVirus Newsüåç Wide 

(Last Update: 7:04am Feb 27, 2020)

Total #Confirmed cases : 82,163
Total #Deaths : 2,800‚Ä¶ https://t.co/iPOd2KIFAo",0,0,
1232886102190460928,2020-02-27 04:32:07,UnitedSaintsAm,"No, Pence just suggests you do not use needles in the first place. üíâ #Coronavirus #COVID2019 https://t.co/GksrWtfMGv",0,1,"TEXT ""WOKE"" TO 88022 (TRUMP)"
1232885864167923713,2020-02-27 04:31:10,PeppermintGekko,"Check out #CDCwonttestme 
Very interesting hashtag to add &amp; follow. #covid #Covid_19 #COVID19 #COVID2019 #coronavirus #pandemic",0,0,"Portland, OR"
1232885788087484416,2020-02-27 04:30:52,multioptioned,@9NewsAUS @msanto92 Nice try but #COVID2019 #Coronavirus is a #pandemic it has no race! #9News,0,0,Australia
1232885707636535296,2020-02-27 04:30:33,ama_media,At times of national crisis a CDC would offer a coordinated approach in real time. @abcnews @amapresident #COVID2019 https://t.co/OFInu3LrDM,5,2,"Canberra, Australia"
1232885587084038145,2020-02-27 04:30:04,mystylehfb,Mountain House Chicken Fried Rice - 4-Pack https://t.co/IMDYYSdDqK #ad #coronavirus #coronaoutbreak #wuhanflu‚Ä¶ https://t.co/hWeogqW0Qc,0,0,United States
1232885568918425605,2020-02-27 04:30:00,TPE_connect,"China bans consumption, trade of wild animals amid coronavirus outbreak.... #Wildlife #Market #China #Wuhan‚Ä¶ https://t.co/1R9sX4jzgs",0,0,online
1232885171243732992,2020-02-27 04:28:25,Gamika_S,Pakistan confirms first two cases of #coronavirues #CoronavirusOutbreak #COVID2019 https://t.co/Z1Ti4HdhGT https://t.co/8HGp8xWkoQ,0,0,Sri Lanka
1232885163454939136,2020-02-27 04:28:23,doctuhjay,@ewarren Don‚Äôt worry. Pence is on the case. His team is modeling viral transmission using etch-a-sketches and play‚Ä¶ https://t.co/o49ZgfkkOt,0,2,Brisbane QLD
1232885069330731009,2020-02-27 04:28:01,mystylehfb,Pandemic Flu Kit Sr100 S/M (Case of 3) https://t.co/pKDThF9Rnc ad #coronavirus #coronaoutbreak #flu #corona #virus‚Ä¶ https://t.co/H8Xx7418fx,0,0,United States
1232885069330731009,2020-02-27 04:28:01,mystylehfb,Pandemic Flu Kit Sr100 S/M (Case of 3) https://t.co/pKDThF9Rnc ad #coronavirus #coronaoutbreak #flu #corona #virus‚Ä¶ https://t.co/H8Xx7418fx,0,0,United States
1232884830615949312,2020-02-27 04:27:04,bidkar_prasanna,"@samemehta Probably.
Only point I want to make is, 
While #COVID2019 is about to be termed as a Global #pandemic‚Ä¶ https://t.co/2zWMYHthSO",0,0,Mumbai
1232884730565033984,2020-02-27 04:26:40,kiranpa88,Hearing about first possible reported case of #COVID2019 in USA (California). Still not confirmed. Only prevention‚Ä¶ https://t.co/eb8i30qBmS,1,1,"Indianapolis, IN"
1232884602718576640,2020-02-27 04:26:09,mmatitanfans,The 1st community spread of #covid2019 case in #Sacramento is from #Solanocounty where the #DiamondPrincess infecte‚Ä¶ https://t.co/6sZtbPocov,1,1,
1232884566798426112,2020-02-27 04:26:01,DoctorYasmin,Cali may have its first case of #COVID2019 where the transmission was local. UC Davis says the person arrived there‚Ä¶ https://t.co/rI8jNPHkwC,8,9,LA/SF
1232884269191593984,2020-02-27 04:24:50,UnitedSaintsAm,Better wash those hands and avoid risky sex. üôè #Coronavirus #COVID2019 #Pence https://t.co/0s9HfCglyu,0,0,"TEXT ""WOKE"" TO 88022 (TRUMP)"
1232884125968691200,2020-02-27 04:24:16,JenHogben,"@ChloeBouras @10NewsFirstAdl Now is NOT the time to be making cuts to SA pathology, when we are warned the‚Ä¶ https://t.co/QekJjPMMZA",0,0,South Australia
1232884066350960641,2020-02-27 04:24:01,Imps4U,"CoronaVirus Updates üåç Wide/27.Feb

Confirmed cases Country/Region

78,497 Mainland China
1,595 South Korea
705 Othe‚Ä¶ https://t.co/voyvfx2RUY",3,4,
1232883878055931905,2020-02-27 04:23:17,bruinharry,"If #SouthKorea were a Chinese province, it'd be the second hardest hit after #Hubei.

South Korea: 51 million; 1,59‚Ä¶ https://t.co/vA5M9dQWPL",0,0,Singapore üá∏üá¨
1232883727635628032,2020-02-27 04:22:41,raisaromer,I used to be so reluctant to use devices for students in Primary school. I'm now so grateful for all the tech skill‚Ä¶ https://t.co/mynOkYzZWQ,0,0,"Tianjin, People's Republic of "
1232883639278399488,2020-02-27 04:22:20,ja33em,"You can tweet whatever you want. But, I would appreciate it if you can mind the scope of your medical expertise or‚Ä¶ https://t.co/A1qOwTZXq9",0,0,
1232883478967943168,2020-02-27 04:21:41,digitalnews24x7,coronavirus outbreak | Air India flight carries 119 India passengers from Tokyo landed in New Delhi today‚Ä¶ https://t.co/aIaW01tU8z,0,0,
1232883313414676480,2020-02-27 04:21:02,mate17153478,"@VP I love Summer, but you seem more like a Fall guy. #viral
#virus #NationFirst #quotes #OperationTransformation‚Ä¶ https://t.co/r0rspgMdwO",0,1,"Ann Arbor, MI"
1232883313414676480,2020-02-27 04:21:02,mate17153478,"@VP I love Summer, but you seem more like a Fall guy. #viral
#virus #NationFirst #quotes #OperationTransformation‚Ä¶ https://t.co/r0rspgMdwO",0,1,"Ann Arbor, MI"
1232883052361072642,2020-02-27 04:20:00,TPE_connect,Japanese snow towns become coronavirus breeding grounds; raising fears of spike in cases and a shadow over Tokyo Ol‚Ä¶ https://t.co/PoCoPV5S71,1,1,online
1232882978503610370,2020-02-27 04:19:42,ama_media,Dr Bartone providing the latest update on #COVID2019 to @abcnews @amapresident https://t.co/imp4UTETiz,0,1,"Canberra, Australia"
1232882921867902977,2020-02-27 04:19:29,HinduAsokachary,"#COVID2019    #india's     IAF's C-17 aircraft with relief supplies flies off to coronavirus-hit Wuhan 
https://t.co/qef9u3u7z3",0,0,san jose CA
1232882829907742720,2020-02-27 04:19:07,queenharlry,"Understanding intl relationship among #CoronavirusOutbreak in 1 pic.

#COVID2019 #chinazi https://t.co/Cw1Lkh5VQm",1,0,Hong Kong
1232882690531086336,2020-02-27 04:18:33,chrisnovelozo_,So it looks like a lot of the focus for #sandiego response to #COVID2019 is to monitor incoming travelers. https://t.co/YV60uNLcpT,0,0,#wherethemetaphorhides
1232882673112109056,2020-02-27 04:18:29,UnitedSaintsAm,Why did I picture you taking a deep breath before you tweeted this? #Coronavirus #COVID2019 #Pence https://t.co/Wz31CQyz6s,0,0,"TEXT ""WOKE"" TO 88022 (TRUMP)"
1232882466551214081,2020-02-27 04:17:40,Energyjolt,"#COVID2019
+-   Blame the #CoronavirusOutbreak, spread in the U.S.A.     -+

     on the Leftist Loons / Democrats‚Ä¶ https://t.co/EjbQLCqvI8",0,0,
1232882330055741441,2020-02-27 04:17:07,UnitedSaintsAm,You should probably wash your mouth out right after you scrub your hands for 25 seconds. #Coronavirus #COVID2019‚Ä¶ https://t.co/27DtgiVV7T,0,0,"TEXT ""WOKE"" TO 88022 (TRUMP)"
1232882075251789824,2020-02-27 04:16:07,narayanisms,"Tips for marketers on what they could be thinking about to help their businesses manage through #COVID2019 
My thou‚Ä¶ https://t.co/11IFY8QTAC",0,0,India
1232881979340677120,2020-02-27 04:15:44,sbala13,What makes you more worried #COVID2019 ü¶†  or Trump‚Äôs intelligence? https://t.co/bS1y90ZCZe,1,0,"San Francisco, CA"
1232881977549869056,2020-02-27 04:15:43,Stargazertill,WTU falling short on projected lethality. Not likely to get good measure on viral load parameter. Carrier threshold‚Ä¶ https://t.co/ZdIGIQ6vXh,0,0,
1232881850554765312,2020-02-27 04:15:13,epsteintruther,"My mom called our prepper uncle to talk to him about what to prep yday ...

He told her his theory about #COVID2019‚Ä¶ https://t.co/BrFp8lg5zu",0,2,"Washington, DC"
1232881608450928641,2020-02-27 04:14:15,nithin_zen,"@AltNewsHindi @AltNews 
@IndiaFactsOrg @FactCheckIndia @PolitiFact 
@IndiaSpendHindi @IndiaSpend 
@realitycheckind‚Ä¶ https://t.co/d6d0bluXLB",0,0,"Chennai,TN  ~  Kannur, Kerala"
1232881608450928641,2020-02-27 04:14:15,nithin_zen,"@AltNewsHindi @AltNews 
@IndiaFactsOrg @FactCheckIndia @PolitiFact 
@IndiaSpendHindi @IndiaSpend 
@realitycheckind‚Ä¶ https://t.co/d6d0bluXLB",0,0,"Chennai,TN  ~  Kannur, Kerala"
1232881334650949632,2020-02-27 04:13:10,JackKSoh,".#Coronavirus: Japanese woman confirmed as #COVID2019 case for 2nd time, 3 wks after discharged on Feb 1. This is f‚Ä¶ https://t.co/kpSnryM8jM",0,0,Hong Kong
1232881298881970177,2020-02-27 04:13:02,prodreamer1,#BernieSanders Glad to hear you are concerned about #COVID2019. But notice that you do not offer up what YOU WOULD‚Ä¶ https://t.co/vxNwttGtUV,0,0,"San Diego, CA"
1232881263230345216,2020-02-27 04:12:53,NeoTwitt1,"@WilsonLeungWS #WHO said the world needs to say ""thanks"" to #WuhanCoronavirus outbreak (and spread the mess all ove‚Ä¶ https://t.co/3CeHGjTP38",0,0,
1232881116572348421,2020-02-27 04:12:18,anselnicks,@Morgan_03 @tanbudfox #COVID2019 might help you lose weight,0,0,
1232880993196920832,2020-02-27 04:11:49,alocinotasor,#COVID2019 is insidious.  It's not as horrific in its effects as Ebola...but sneaks undetected in loving caring peo‚Ä¶ https://t.co/92quRSZvtw,0,1,"South, Western Australia"
1232880885273260032,2020-02-27 04:11:23,Yoda914,#COVID2019  #COVID„Éº19 China underreported their cases #coronavirususa #CoronavirusOutbreak https://t.co/XryaNfRP8Q,1,1,Usa 
1232880687771983872,2020-02-27 04:10:36,AGNCanada,"New US coronavirus case may be 1st from unknown origin
#COVID2019 #WUHAN #CANADA
Immune Kit #ProtectYourself‚Ä¶ https://t.co/hlqWdmlacU",0,0,Canada
1232880677466431488,2020-02-27 04:10:33,kiattisak1984,I ask real? #COVID2019 https://t.co/JbwhQQdhc5,0,0,"Bangkok, Thailand"
1232880568355848193,2020-02-27 04:10:07,AnmNewsOfficial,"119 INDIANS EVACUATED FROM CRUISE STRANDED IN JAPAN

#Japan 
#CoronavirusOutbreak 
#COVID2019 
Watch More -‚Ä¶ https://t.co/v0hwfiW192",0,3,"Kolkata, India"
1232880224330608641,2020-02-27 04:08:45,CoronaBeerus,Donald #Trump appoints VP Mike #Pence to lead the #Coronavirus task force - while saying that the risk of infection‚Ä¶ https://t.co/Q9Y0nbrt2p,0,4,
1232880129744850944,2020-02-27 04:08:23,9buddhamonk,#COVID„Éº19 #COVID2019 #coronavirususa #China China is LYING ü§• their Reports https://t.co/UOXn5QZHWx,0,1,
1232880005828366336,2020-02-27 04:07:53,rennaewong,"Strongly Suggest to Investigate Where is the ""Birthplace"" or ""Cradle"" of #COVID2019??? Suspect from China Originally!!!",0,0,"Sydney, New South Wales"
1232880005828366336,2020-02-27 04:07:53,rennaewong,"Strongly Suggest to Investigate Where is the ""Birthplace"" or ""Cradle"" of #COVID2019??? Suspect from China Originally!!!",0,0,"Sydney, New South Wales"
1232879911418855424,2020-02-27 04:07:31,Hoffaktor_,"#BREAKING A woman in #Japan tests positive second time with #covid2019 virus. 

The #coronavirus patient worked as‚Ä¶ https://t.co/9GKzjhVf3B",3,3,"New York, NY"
1232879900316459008,2020-02-27 04:07:28,Oneindia,.@airindiain evacuates 119 Indians stranded onboard #DiamondPrincess cruise ship off Japan coast due to novel‚Ä¶ https://t.co/o4TGPOqqBS,2,2,India
1232879860147720192,2020-02-27 04:07:19,MrsBergs007,CoVid isnt Ebola but Americans are acting like it is. You can die from Flu that comes every Winter. Go ahead and we‚Ä¶ https://t.co/3SnyT8C9Oy,0,0,
1232879730669436929,2020-02-27 04:06:48,UnitedSaintsAm,.@VP will go on to have the greatest pandemic response ever. It will go viral. #Pence #COVID2019 #Coronavirus ü¶†‚òÄÔ∏è,0,0,"TEXT ""WOKE"" TO 88022 (TRUMP)"
1232879479795486720,2020-02-27 04:05:48,kakmidah,"#COVID2019 Latest: Hardest-hit China, South Korea count 767 new virus cases. S.Korea also confirmed its 13th death! https://t.co/rW2jAiE8wv",1,1,
1232879077553393665,2020-02-27 04:04:12,debotvto,"@SenatorHousakos @SenatorNgo @hk_watch @NHKCC1 Thank you senator #StandWithHongKong 
Please help to keep monitor‚Ä¶ https://t.co/d9VPEwroQL",0,0,
1232879003477905408,2020-02-27 04:03:54,Obijuangonzalez,That's it America. @VP Mike Pence found a Vaccine of thoughts and prayers for the #COVID19 corona virus in record t‚Ä¶ https://t.co/2evUP8S3et,1,3,"Austin, Texas"
1232878730684530689,2020-02-27 04:02:49,goosemagoo,The independent and moderate voters sneering at the Democrat yoga logic trying to blame #COVID2019 on Trump are the‚Ä¶ https://t.co/6xjtcDvk90,0,0,Earth
1232878645095452673,2020-02-27 04:02:29,hmdhealthcare,CATHY Safety IV Cannula with SIPCLIP prevents accidental needle stick injury #health  #coronavirus #healthcare‚Ä¶ https://t.co/UG4sDSEYpQ,1,0,"Faridabad, India"
1232878645095452673,2020-02-27 04:02:29,hmdhealthcare,CATHY Safety IV Cannula with SIPCLIP prevents accidental needle stick injury #health  #coronavirus #healthcare‚Ä¶ https://t.co/UG4sDSEYpQ,1,0,"Faridabad, India"
1232878337674137600,2020-02-27 04:01:16,Stargazertill,Disagree with assertion respective transmission. It is by design intended to be a contact agent as well as aerosoli‚Ä¶ https://t.co/INpBOZAQ6E,0,0,
1232878049676402689,2020-02-27 04:00:07,mystylehfb,Dust-Proof Anti-Fog FFP3 Mask with Valve Dust Mask Anti Pm2.5 Anti Influenza Cool Flow Valve‚Ä¶ https://t.co/MbdzZuoJUN,0,0,United States
1232877997339770881,2020-02-27 03:59:54,sahiljoshii,"Update on #COVID2019 :
119 Indians &amp; 5 nationals from Sri Lanka, Nepal, South Africa &amp; Peru who were quarantined on‚Ä¶ https://t.co/F3IKV69sYH",6,16,"Mumbai, India"
1232877921284476928,2020-02-27 03:59:36,UnitedSaintsAm,Want to get a beer afterwards? .@ewarren? ü¶†üç∫ #TheWallJust GotTenFeetHigher #Coronavirus #COVID2019 .‚Ä¶ https://t.co/pPXV6teXZh,1,2,"TEXT ""WOKE"" TO 88022 (TRUMP)"
1232877678140764161,2020-02-27 03:58:38,Stargazertill,"#COVID„Éº19 #CoronavirusOutbreak #COVID2019 #coronavirus

Solid advice. Panic and chaos contribute nothing; just make‚Ä¶ https://t.co/SLnmTPeefH",1,1,
1232877391757729792,2020-02-27 03:57:30,CoddeMilligan,"I thought #COVID2019 was a new virus.

Why isn't the government telling the public that Lysol kills it?

Go buy Lys‚Ä¶ https://t.co/g0YwIkHMPs",3,3,"Washington, USA"
1232877391321583616,2020-02-27 03:57:30,AdrianKviolin,#CoronavirusOutbreak #COVID2019 'in the Community' in #California https://t.co/Qgqahf4VUG,1,1,
1232877391321583616,2020-02-27 03:57:30,AdrianKviolin,#CoronavirusOutbreak #COVID2019 'in the Community' in #California https://t.co/Qgqahf4VUG,1,1,
1232876802034536448,2020-02-27 03:55:10,TheAngryPrepper,"This can be a huge problem.  Not knowing where he got it from is a huge problem.

#coronavirues #CoVid2019‚Ä¶ https://t.co/djZrliTJPO",1,2,"New York, NY"
1232876576829771776,2020-02-27 03:54:16,Stargazertill,"@SenSchumer &amp; @SpeakerPelosi response is essentially ""let them eat cake"" until we have had our say. Or in anothers‚Ä¶ https://t.co/ndIj8XfPPO",0,0,
1232876553874345985,2020-02-27 03:54:10,criskotsu,"#CoronavirusOutbreak #COVID19 #COVID2019 
Containment fails as virus goes global https://t.co/6IrgWjeMGS via @newscomauHQ",0,0,"Shanghai, People's Republic of"
1232876519195676674,2020-02-27 03:54:02,BuffaloSojourn,"@TCanseeyou @LincolnsBible If you get a bad case of the flu during a #COVID2019 outbreak, where might you end up? 1‚Ä¶ https://t.co/Oe6ZC1QhXN",0,2,"Buffy Lake, Ontario "
1232876399490285569,2020-02-27 03:53:34,PeppermintGekko,"You can‚Äôt script fiction this wild, the audience wouldn‚Äôt buy it as realistic. Yet here we are. Is this real life?‚Ä¶ https://t.co/OP23mGXvIk",3,3,"Portland, OR"
1232876269856886785,2020-02-27 03:53:03,PBNS_India,"1st case of #coronavirus announced by Norway. 

#COVID2019",2,1,
1232876269856886785,2020-02-27 03:53:03,PBNS_India,"1st case of #coronavirus announced by Norway. 

#COVID2019",2,1,
1232876100998422528,2020-02-27 03:52:22,ArianaMariin,"Y‚Äòall-
On a serious note, we really need to think about the coronavirus. It is a pandemic‚Äîit has reached every sing‚Ä¶ https://t.co/pVTIDOZ1oc",0,0,"Washington, USA"
1232875754834272257,2020-02-27 03:51:00,Stargazertill,As world burns illegal immigration has high likelihood of increase. Net result will be explosions of cases in locat‚Ä¶ https://t.co/aTK0zm5QMY,0,0,
1232875612630634497,2020-02-27 03:50:26,DeesBar,Mike Pence is in charge...we‚Äôre all dead  #COVID2019 #coronavirususa,0,4,"Georgia, USA"
1232875502861537282,2020-02-27 03:50:00,TPE_connect,World is simply not ready to contain the outbreak: World Health Organization... #WHO #WorldHealthOrganisation‚Ä¶ https://t.co/zmDUEjGWm9,0,0,online
1232875268466831360,2020-02-27 03:49:04,IMHO43341488,#COVID2019 hysteria towards oriental Asians. Will this spill to the Mediterranean folks? They look Anglo...  Can yo‚Ä¶ https://t.co/3pUxNOyuKs,0,0,Australia
1232875011947425794,2020-02-27 03:48:03,Cthielst,The Great Influenza - Christina's Considerations #TBThursday #tbt #tbt2020 #coronavirususa #COVID19 #COVID2019  Exc‚Ä¶ https://t.co/ZxP4oGpPTz,1,0,"Santa Barbara, CA"
1232874991135469568,2020-02-27 03:47:58,ISF_FL,Please stay alert and safe everyone #coronavirususa #coronavirusus #Covid19usa #CoVid2019 https://t.co/SlRSa6Zzwi,0,0,FL
1232874988400783361,2020-02-27 03:47:57,JHolloway1982,"Odd &amp; interesting comment by The @nytimes

#COVID19 #COVID2019 #Covid_19 #Coronavirus 
@RichLowry #BorderSecurity‚Ä¶ https://t.co/RiDZ8Sv56t",0,1,"Cleveland, OH"
1232874745785393152,2020-02-27 03:46:59,BelsonElaine,"@MSNBC @CNN @FoxNews
- 48,000+ Americans died by SUICIDE in 2018; 1.4 million attempted in 2017
- 70, 200+ American‚Ä¶ https://t.co/a984gbigUJ",2,1,Waldorf
1232874745785393152,2020-02-27 03:46:59,BelsonElaine,"@MSNBC @CNN @FoxNews
- 48,000+ Americans died by SUICIDE in 2018; 1.4 million attempted in 2017
- 70, 200+ American‚Ä¶ https://t.co/a984gbigUJ",2,1,Waldorf
1232874731168129029,2020-02-27 03:46:56,nancyoreally,@AngrierWHStaff Pence killed a lot of people in Indiana with his AIDS delay and bias. #COVID2019 #Coronavirus,0,1,"Marin County, Ca"
1232874475655327745,2020-02-27 03:45:55,PBNS_India,"119 Indians and 5 foreigners are brought back from coronavirus-hit cruise ship in Japan by an Air India flight.
#COVID2019
#coronavirus",3,3,
1232874339533492224,2020-02-27 03:45:22,criskotsu,"Are children less likely to contract the coronavirus? Here's what we know so far. 
#CoronavirusOutbreak‚Ä¶ https://t.co/Xwg4qHcRf0",1,1,"Shanghai, People's Republic of"
1232874279009579008,2020-02-27 03:45:08,BhardwajPacific,@WHO @bbchealth @drharshvardhan Sending my daily prayers for a healthy and peaceful world. If there is a disease on‚Ä¶ https://t.co/8iyrxxtEC3,0,1,India
1232874269782102017,2020-02-27 03:45:06,dileepvk_TNIE,"As #COVID2019 spirals across the globe, @KeralaHealth revised the surveillance and discharge guideline @WHO‚Ä¶ https://t.co/EyR0fwLWVo",0,1,"Trivandrum, India"
1232874256125571073,2020-02-27 03:45:03,OfficialMining,"&gt;&gt; Rate of Deaths are SLOWING worldwide #China
Rate of transmission SLOWING worldwide.
Isolated SMALL incidences

P‚Ä¶ https://t.co/kt8chaiGFF",1,3,"Charleston, SC"
1232874222952673283,2020-02-27 03:44:55,echewy,For those who say there is no ‚Äúracial hysteria‚Äù around the #coronavirusaustralia #COVID2019 in #Aus well this is th‚Ä¶ https://t.co/TtiHL7UGiG,7,18,"Sydney, Aus and San Diego, US"
1232873812749844481,2020-02-27 03:43:17,okay_trin,"#COVID2019 bruh stop making this trend in Georgia, it's making me think it's here. https://t.co/45Yb8xlu1I",1,3,
1232873787684794373,2020-02-27 03:43:11,OfficialMining,"#CoronaVirusUpdates  - Really Nothing to see. Looks almost the same as yesterday Map @ 

https://t.co/LoFGqi0GJO‚Ä¶ https://t.co/SrQTDZlVce",0,1,"Charleston, SC"
1232873706625454081,2020-02-27 03:42:52,ThatSindhiCM,American soldier stationed in South Korea tests positive for coronavirus #UnitedStates #USArmy #SouthKorea‚Ä¶ https://t.co/akUpSkmYnF,1,2,India
1232873557224378369,2020-02-27 03:42:16,ThatSindhiCM,Japanese snow towns become coronavirus breeding grounds; raising fears of spike in cases and a shadow over Tokyo Ol‚Ä¶ https://t.co/KSZhH6Gkc5,0,0,India
1232873557224378369,2020-02-27 03:42:16,ThatSindhiCM,Japanese snow towns become coronavirus breeding grounds; raising fears of spike in cases and a shadow over Tokyo Ol‚Ä¶ https://t.co/KSZhH6Gkc5,0,0,India
1232873488655867906,2020-02-27 03:42:00,PBNS_India,"76 Indians and additional 36 nationals of 7 countries (Bangladesh, Myanmar, Maldives, China, South Africa, USA &amp; Ma‚Ä¶ https://t.co/LW3jP9dQEU",6,15,
1232873486604890113,2020-02-27 03:41:59,reallamlam,"You're going to reap just what you sow.

#CoronaVirusUpdates #coronavirus #WuhanCoronavirus #WuhanVirus #chinazi‚Ä¶ https://t.co/TjVgKID8io",0,1,
1232873443265134593,2020-02-27 03:41:49,kakmidah,"LATEST #COVID2019: Scientists WARN that #coronavirus can spread with ""ZERO Symptoms"" which is terrifying!! Makes it‚Ä¶ https://t.co/bj4o1KIJhw",2,0,
1232873406585958401,2020-02-27 03:41:40,ThatSindhiCM,World is simply not ready to contain the outbreak: World Health Organization #WHO #WorldHealthOrganisation‚Ä¶ https://t.co/ZYqzKCiJpO,1,0,India
1232873362000465921,2020-02-27 03:41:29,ThatSindhiCM,60-year-old teacher becomes first French casualty of the coronavirus #France #Paris #Coronavirus #Corona #COVID19‚Ä¶ https://t.co/ljW3IGVIGt,1,1,India
1232873278294724609,2020-02-27 03:41:09,ThatSindhiCM,"Americans themselves struggling with coronavirus, 16,000 people have died of influenza but they don‚Äôt talk about th‚Ä¶ https://t.co/d5fvios9QY",0,0,India
1232873160514519040,2020-02-27 03:40:41,cathy_crawley,@TroyForge @frydzilla @laundromatbetty @GinnyLouNW @seanwhiter @Hotsauce365 @DaveCashInvest @RichardEngel @hmeisler‚Ä¶ https://t.co/zKtDjZp0yu,1,2,Australia
1232873111252557830,2020-02-27 03:40:30,AbraarKaran,"Important info in new @JAMA_current study from Chinese CDC #COVID2019 
-72,314 cases from China; 81% mild; 14% seve‚Ä¶ https://t.co/iqGqL8DdA2",0,0,"Boston, MA"
1232872986031489025,2020-02-27 03:40:00,TPE_connect,South Korean President Moon Jae-in says situation 'very grave' as mass virus tests get going......  #SouthKorea‚Ä¶ https://t.co/agvxN4xnSQ,4,1,online
1232872899196751872,2020-02-27 03:39:39,pankajcreates,"Also 119 Indians &amp; 5 nationals from Sri Lanka, Nepal, South Africa &amp; Peru who were quarantined onboard the‚Ä¶ https://t.co/JQ5ruGOYRf",0,1,"Mumbai, India"
1232872859795509249,2020-02-27 03:39:30,krishnamurthy_N,"The world is worrying about #COVID„Éº19 ,and we Indians are in RIOTS, this is not just #Delhigenocide, but INDIAGENOC‚Ä¶ https://t.co/pupGOwRp3B",1,0,"Hyderabad, Andhra Pradesh"
1232872816522870784,2020-02-27 03:39:19,PBNS_India,"In light of #coronavirus outbreak, USA and South Korea postpone their upcoming joint military exercises. #COVID2019 https://t.co/ipvrx4TAqI",1,7,
1232872607386607616,2020-02-27 03:38:29,alexandermearle,"70,000 ICU beds TOTAL in USA @ this moment. With this high infection rate do the math. The 1.5% that die are define‚Ä¶ https://t.co/dkYnDm8XjC",3,0,"Asheville, NC"
1232872599027208193,2020-02-27 03:38:27,QuadeersultanM,500 PCS Disposable Earloop Face Mask for Antiviral Protection Medical Surgical Dust Face Cover 3-Ply BLUE Masks‚Ä¶ https://t.co/YXH1axwjqh,0,0,"Hyderabad, India"
1232872599027208193,2020-02-27 03:38:27,QuadeersultanM,500 PCS Disposable Earloop Face Mask for Antiviral Protection Medical Surgical Dust Face Cover 3-Ply BLUE Masks‚Ä¶ https://t.co/YXH1axwjqh,0,0,"Hyderabad, India"
1232872307103797249,2020-02-27 03:37:18,SpydrZeroBTC,#CoronavirusOutbreak is a distraction. Don't fall for the hype. Governments are cooking up something they don't wan‚Ä¶ https://t.co/83YvLXKore,0,1,
1232872199096111104,2020-02-27 03:36:52,ncov19eu,"New European countries with confirmed cases :
üëâ Norway (1 confirmed, 0 recovered, 0 deceased)
üëâ Romania (1 confirme‚Ä¶ https://t.co/ylDCtICV0i",1,0,Estonia
1232872040828293120,2020-02-27 03:36:14,APOorgau,The Australian Govt has released its first #COVID2019 response plan and it includes a commitment for more research‚Ä¶ https://t.co/JpFeTUlpVj,0,0,Melbourne Australia
1232871616486440964,2020-02-27 03:34:33,Quints_Revenge,Upcoming fashion trend for 2020.  #CoronavirusOutbreak #COVID2019 https://t.co/F3dkN81ixR,3,6,
1232871609150558209,2020-02-27 03:34:31,LiangRhea,@DrAndrewHuang It doesn't make any logical sense. #COVID2019 is now so widespread that any discrimination against '‚Ä¶ https://t.co/42B7PRznxP,0,3,"Gold Coast, Queensland"
1232871503307214848,2020-02-27 03:34:06,Roystable,"#COVID2019 #china #coronavirus #coronavirues  official message from Shenzhen China, no new confirmed case by Feb 27. https://t.co/e5lAUyGLaH",0,0,
1232871362844381187,2020-02-27 03:33:33,shahritesh07,"Update on #COVID2019 :
Thanks @narendramodi.
119 Indians &amp; 5 nationals from Sri Lanka, Nepal, South Africa &amp; Peru w‚Ä¶ https://t.co/gZeOl15Ikd",0,1,
1232871362844381187,2020-02-27 03:33:33,shahritesh07,"Update on #COVID2019 :
Thanks @narendramodi.
119 Indians &amp; 5 nationals from Sri Lanka, Nepal, South Africa &amp; Peru w‚Ä¶ https://t.co/gZeOl15Ikd",0,1,
1232871269890170886,2020-02-27 03:33:11,COVID19USA,"Form your own opinions. But pleae, share your thoughts. #COVID„Éº19 #COVID2019 https://t.co/7HSy0NS4N3",0,0,United States
1232870741026041856,2020-02-27 03:31:04,RaveenKr,This is scary - Prospect of #COVID2019 getting transmitted by random contact with secy person who may be an asympto‚Ä¶ https://t.co/JYSQHt6gDe,1,2,India
1232870501980266496,2020-02-27 03:30:07,scmpeconomy,Can Chinese firms invoke force majeure as coronavirus outbreak rages on? #CoronavirusOutbreak #WuhanVirus‚Ä¶ https://t.co/RoqQQvQio7,0,1,Hong Kong
1232870470736891905,2020-02-27 03:30:00,mystylehfb,"3M Half Face Reusable Respirator 6200, Gases, Vapors, Dust, Paint, Cleaning, Sanding, Welding, Medium‚Ä¶ https://t.co/QtRHinIs5A",0,0,United States
1232870458510282753,2020-02-27 03:29:57,Nataya,"@cptfunkadunk Another way to give perspective to people who have even a minimal grasp of math

Flu has a lethality‚Ä¶ https://t.co/NKPFKxkuhb",0,3,"Boulder, Co"
1232870443587162113,2020-02-27 03:29:54,Escells,"There are as many as 5 million severe cases of the SEASONAL flu worldwide each year, and 650,000 deaths‚Ä¶ https://t.co/Lm6LqxMUAW",0,2,United States
1232870339207667713,2020-02-27 03:29:29,ScottAnthonyUSA,"Coronavirus / #COVID2019 #SITREP 

CASE FATALITY RATE HOLDS STEADY...
2/26/2020 at 10:30PM ET

Confirmed Cases: 82,‚Ä¶ https://t.co/vgUmYC8Y5a",4,5,"Manhattan, NY"
1232870339207667713,2020-02-27 03:29:29,ScottAnthonyUSA,"Coronavirus / #COVID2019 #SITREP 

CASE FATALITY RATE HOLDS STEADY...
2/26/2020 at 10:30PM ET

Confirmed Cases: 82,‚Ä¶ https://t.co/vgUmYC8Y5a",4,5,"Manhattan, NY"
1232869561310924801,2020-02-27 03:26:23,SSumayed,"@ScottGottliebMD How many people do you think will to hospitals, if it costs $ 3,270 for a #COVID2019 test at US hospitals.",0,6,
1232869213238448129,2020-02-27 03:25:00,mystylehfb,Personal Protective Equipment with Suit &amp; Rubber Boots Quarantine &amp; Sterilization (Large/Size 10)‚Ä¶ https://t.co/oJmrzhcw6P,0,0,United States
1232869200944926722,2020-02-27 03:24:57,NewsMobileIndia,"Indo-Tibetan Border Police (ITBP): Globemaster landed at 6:45 am today from China with 112 evacuees, including 36 f‚Ä¶ https://t.co/aAvABlFZuv",1,0,India
1232869166991990785,2020-02-27 03:24:49,AsadSolutions,"""it was not until Feb.¬†14 ‚Äî more than a month into the crisis ‚Äî that China disclosed that about 1,700 front-line me‚Ä¶ https://t.co/no80Ye6Iw3",0,0,"Chicago, IL"
1232869166991990785,2020-02-27 03:24:49,AsadSolutions,"""it was not until Feb.¬†14 ‚Äî more than a month into the crisis ‚Äî that China disclosed that about 1,700 front-line me‚Ä¶ https://t.co/no80Ye6Iw3",0,0,"Chicago, IL"
1232868528895733760,2020-02-27 03:22:17,phawker,"Trump Ponzi scheme to transfer $ to coronavirus response:
- $37.4 million: Low Income Home Energy Assistance
- $12.‚Ä¶ https://t.co/i8QdY0xbcj",0,0,Philadelphia
1232868291577892864,2020-02-27 03:21:20,WarsontheBrink,Chinese Authorities Sealing down another apartment block with inhabitants inside due to #coronavirus fears‚Ä¶ https://t.co/v3wmT0l3kp,10,13,World
1232867971573391360,2020-02-27 03:20:04,FTIStratCommAU,"If your team isn‚Äôt already asking what your organisation is doing to prepare for #COVID2019, it‚Äôs probably only a m‚Ä¶ https://t.co/ZsVAEiD3PD",0,0,Australia
1232867840543227904,2020-02-27 03:19:33,CBREThailand,"We're in this together!
In response to the COVID-19 outbreak, #CBRE has pledged one million RMB of supplies and fun‚Ä¶ https://t.co/KaVn0dCOM1",0,0,"Bangkok, Thailand"
1232867840543227904,2020-02-27 03:19:33,CBREThailand,"We're in this together!
In response to the COVID-19 outbreak, #CBRE has pledged one million RMB of supplies and fun‚Ä¶ https://t.co/KaVn0dCOM1",0,0,"Bangkok, Thailand"
1232867565229236226,2020-02-27 03:18:27,OfficialMining,"5 viruses more dangerous than the new coronavirus
https://t.co/TTavczPHUJ

#COVID„Éº19 #coronavirususa #CoronaVirus‚Ä¶ https://t.co/qylw4FEiGR",0,1,"Charleston, SC"
1232867559621435394,2020-02-27 03:18:26,goosemagoo,@HomelandKen @SpeakerPelosi @realDonaldTrump Mid-January unless you were a Ukrainian or Republican with #COVID2019 the media didn't care.,3,5,Earth
1232866696278368256,2020-02-27 03:15:00,Chaosforthefly,Do all #GOP of tRUmp* &amp; die-hard conservative pundits have the same lame ass talking points over‚Ä¶ https://t.co/0IGhMKp23H,0,1,under the screaming starsüåå
1232866696278368256,2020-02-27 03:15:00,Chaosforthefly,Do all #GOP of tRUmp* &amp; die-hard conservative pundits have the same lame ass talking points over‚Ä¶ https://t.co/0IGhMKp23H,0,1,under the screaming starsüåå
1232866519471837184,2020-02-27 03:14:18,faitcher82,According to CDC about 14000 people have died so far from Flu but the media is only focusing on the 2700 fatalities in China #COVID2019,0,0,United States
1232866113849110529,2020-02-27 03:12:41,kr3at,"Ptential #CoronaVirus collapse in Italy?
Scary scenes in Italy - people seen fleeing as men in hazmat suits swoop i‚Ä¶ https://t.co/o6L0JlWEMi",66,51,
1232866045045678080,2020-02-27 03:12:25,coronsvirusc,"#CoronaVirusUpdates üåç Wide/27.Feb

Confirmed cases Country/Region

78,497 Mainland China
1,595 South Korea
705 Othe‚Ä¶ https://t.co/ZsWqTG8drO",2,4,vuhan china
1232865860177530881,2020-02-27 03:11:41,xcyale,Potential game changer that requires close monitoring: CDC confirms first possible community transmission of corona‚Ä¶ https://t.co/w4zML3FA4e,6,7,"New Haven, CT"
1232865819954008065,2020-02-27 03:11:31,kakmidah,#COVID2019 LATEST: #Coronavirus outbreak reaches 'scary new milestone': Viral infections inside China are now being‚Ä¶ https://t.co/mrJV58YLSL,0,0,
1232865713330589696,2020-02-27 03:11:06,QuickTake,"@business üò∑ ‚ÄúEven if you are really sick. You have to go to the church.‚Äù

An ex-sect member tells what it was like‚Ä¶ https://t.co/wMY9UeHYTk",39,45,
1232865585626787840,2020-02-27 03:10:35,AGNCanada,"Coronavirus: How do we prepare for a pandemic?
#COVID2019 #WUHAN #CANADA
Immune Kit #ProtectYourself‚Ä¶ https://t.co/75EPjaRMhn",0,0,Canada
1232865420010491907,2020-02-27 03:09:56,faitcher82,The media is creating a global panic. This virus is nothing but a cold virus and so far it‚Äôs not as fatal as the common cold.  #COVID2019,0,0,United States
1232865420010491907,2020-02-27 03:09:56,faitcher82,The media is creating a global panic. This virus is nothing but a cold virus and so far it‚Äôs not as fatal as the common cold.  #COVID2019,0,0,United States
1232864448978620416,2020-02-27 03:06:04,JurnoNikhil,#TPE: World is simply not ready to contain the outbreak: World Health Organization #WHO #WorldHealthOrganisation‚Ä¶ https://t.co/muMExJtIZi,0,0,Bangalore
1232864391806119936,2020-02-27 03:05:51,JurnoNikhil,#TPE: 60-year-old teacher becomes first French casualty of the coronavirus #France #Paris #Coronavirus #Corona‚Ä¶ https://t.co/2M0ErcpYkD,1,0,Bangalore
1232864325921955840,2020-02-27 03:05:35,JurnoNikhil,"#TPE: Americans themselves struggling with coronavirus, 16,000 people have died of influenza but they don‚Äôt talk ab‚Ä¶ https://t.co/5GPUvyZJ3l",1,1,Bangalore
1232864325921955840,2020-02-27 03:05:35,JurnoNikhil,"#TPE: Americans themselves struggling with coronavirus, 16,000 people have died of influenza but they don‚Äôt talk ab‚Ä¶ https://t.co/5GPUvyZJ3l",1,1,Bangalore
1232864192690036738,2020-02-27 03:05:03,mystylehfb,"Emergency Lockdown Kit,5 People Srvd https://t.co/gXaiVsz3zQ ad #coronavirus #coronaoutbreak #flu #corona #virus‚Ä¶ https://t.co/Xgid23LFtv",0,0,United States
1232864191612100608,2020-02-27 03:05:03,criskotsu,"#COVID2019 hunting level #China
#Shanghai is looking for a confirmed case from Iran, to avoid new outbreak. Person‚Ä¶ https://t.co/lvtDq7yGgb",0,0,"Shanghai, People's Republic of"
1232863924573347845,2020-02-27 03:03:59,SafetyInfoCan,"HUGE shift in tone, positioning and guidance:

#PandemicPreparedness
#pandemic #CoronavirusOutbreak
#coronavirus‚Ä¶ https://t.co/2wbmcKg8G8",1,2,Canada
1232863824866430976,2020-02-27 03:03:36,shugh8,Anyone else not believing numbers from Iran?  Already 35% recovered rate yet first two cases just  7 days ago?‚Ä¶ https://t.co/0MDh7C9Zvy,0,4,Tweets are my own. 
1232863502756347904,2020-02-27 03:02:19,zukeopp,"N95 MASKS SUPPLIES VERY LIMITED!  üëáüëáüëáhttps://t.co/fvGWKsdDBS
#CoronavirusOutbreak #N95mask #SafetyFirst‚Ä¶ https://t.co/JuPFwsO4PL",0,0,
1232863436759085056,2020-02-27 03:02:03,ParadigmSlip,"This is the first time i've ever had Twitter flat out censor a tweet on me. I've had tweets contested before, but t‚Ä¶ https://t.co/jjJVEsbQwo",3,6,NL
1232863436759085056,2020-02-27 03:02:03,ParadigmSlip,"This is the first time i've ever had Twitter flat out censor a tweet on me. I've had tweets contested before, but t‚Ä¶ https://t.co/jjJVEsbQwo",3,6,NL
1232863035661963264,2020-02-27 03:00:27,mystylehfb,"The Prepper's Water Survival Guide: Harvest, Treat, and Store Your Most Vital Resource Daisy Luther‚Ä¶ https://t.co/dEYkegIDnb",0,0,United States
1232863020465999873,2020-02-27 03:00:24,MoHFW_INDIA,"Update on #COVID2019 :

119 Indians &amp; 5 nationals from Sri Lanka, Nepal, South Africa &amp; Peru who were quarantined o‚Ä¶ https://t.co/MTwWbsvH8S",78,297,Nirman Bhawan
1232862965277261824,2020-02-27 03:00:11,mystylehfb,Moldex 9000 Series Reuasble Full Face Respirator/Mask with 7640 Multi-Gas/Vapor Smart Cartridge/P100‚Ä¶ https://t.co/7baP8WXSVk,0,0,United States
1232862957714989057,2020-02-27 03:00:09,asimusafzai,#Pakistan &amp; #Afghanistan must be very alarmed by #COVID„Éº19. Simply because they are right next to #China. This is s‚Ä¶ https://t.co/6BYS7uI1kf,0,1,Washington DC.
1232862930221371395,2020-02-27 03:00:02,scmpeconomy,China grants banks extra funding to spur loans to hard hit small businesses amid Coronavirus #China #china‚Ä¶ https://t.co/BtpZzzkuxi,0,0,Hong Kong
1232862920167559169,2020-02-27 03:00:00,TPE_connect,Chinese woman travels 675 km without any coronavirus symptoms infects five relatives... #Coronavirus #China #Wuhan‚Ä¶ https://t.co/Wd6qeaUKcH,0,0,online
1232862892942397440,2020-02-27 02:59:53,MintyFreshKarma,"@cspan @VP We are so released that the VP who closed HIV testing facilities, funds reversal therapy and denies scie‚Ä¶ https://t.co/dONqtDHsyP",0,1,MD
1232862783122878464,2020-02-27 02:59:27,MPDexpert,@R_H_Ebright @Walterw47800168 TY for sharing. I fear for the health of the healthcare workers at both facilities an‚Ä¶ https://t.co/hb5m8uQneT,0,3,U.S.
1232862776219127808,2020-02-27 02:59:25,AmBeautifulShow,#coronavirus #COVID2019 #Covid_19 #TrumpIsAnIdiot #TrumpDementia prevents #Trump &amp; his corrupt admin based on Hitle‚Ä¶ https://t.co/kdkvlIp8cT,0,1,"Staten Island, NY, USA"
1232862628185280513,2020-02-27 02:58:50,not2daymfz,"Keep fukkkin around and #CzarFace will be King KKKokehead 4 life!
#CoronaVirusUpdates #coronavirususa #COVID2019 https://t.co/JrNe7NJKHw",0,0,"Buckle Of The Lynch Belt, OK"
1232862433942831104,2020-02-27 02:58:04,BinoARealuyo,"#COVID2019 deaths #CoronaVirusUpdates 

Last Tuesday night: 2007 
Wednesday Night: 2122 
Thursday Night: 2247? 
Fri‚Ä¶ https://t.co/r6iCtDYG5i",0,1,New York City
1232862433942831104,2020-02-27 02:58:04,BinoARealuyo,"#COVID2019 deaths #CoronaVirusUpdates 

Last Tuesday night: 2007 
Wednesday Night: 2122 
Thursday Night: 2247? 
Fri‚Ä¶ https://t.co/r6iCtDYG5i",0,1,New York City
1232862356146991105,2020-02-27 02:57:45,mystylehfb,Wuhan Coronavirus: A Concise &amp; Rational Guide to the 2020 Outbreak (COVID-19) by Tyler J. Morrison‚Ä¶ https://t.co/CpM6ta1LcW,0,1,United States
1232862325171986433,2020-02-27 02:57:38,mcdev,"Try to avoid:
- indoor sporting events
- public gyms
- public pools
- casinos
- churches
- anywhere large groups ga‚Ä¶ https://t.co/ALvv2PggGB",1,1,"Nowhere, fast"
1232862181844291584,2020-02-27 02:57:04,brianpklein,China is still not sharing essential information as #coronavirus spreads around the world including answering reque‚Ä¶ https://t.co/JOqo8iqi16,0,0,United States
1232862104161542145,2020-02-27 02:56:45,tee_hee__,"14% of Recovered Covid-19 Patients in #Guangdong #China Tested Positive in Again Check-ups

https://t.co/jNqQNSM8kP‚Ä¶ https://t.co/LwEJePSice",1,3,
1232861901840945152,2020-02-27 02:55:57,adenrao,"Other stocks related to the Corona Virus $CODX, $MRNA and $GILD. On my TikTok @Genzmoneyy I talked about more.‚Ä¶ https://t.co/ngfL6BQvdv",1,1,
1232861892999294976,2020-02-27 02:55:55,KrossMonika,@DrTedros @WHO Please continue to or begin to donate plasma. I rely on weekly infusions to stay alive. I don't an i‚Ä¶ https://t.co/z6rsOjoBQN,0,3,
1232861815924719616,2020-02-27 02:55:37,victoriagammino,"A heartfelt thanks to Dr. Anne Schuchat for #TakingOnefortheTeam. 

#COVID2019 #COVID„Éº19 https://t.co/V9p9Ufj3Ba",1,4,"Washington, DC"
1232861808723189760,2020-02-27 02:55:35,BrandiLynn4Ever,".@CDCgov -- You guys are an absolute shit show right now. You let Trump lie throughout the press briefing, and you'‚Ä¶ https://t.co/1ROVpsp3mz",11,21,"Houston, TX"
1232861538681266177,2020-02-27 02:54:30,cchanthaboun05,"I have been scrolling through Twitter for about an hour, and haven‚Äôt seen a single post about this. The likelihood‚Ä¶ https://t.co/uM0c27TNeR",0,1,
